ingestion_year;ingestion_month;ingestion_day;id_mascara;ctrl_terc;estado_cli;f_vinc;genero_cli;f_nacim_cli;estado_civil;ocup;ingresos
2021;11;30;14530704;CLIENTE;INACTIVO;20191202;F;20000306;NO INFORMA;NULL;788000
2021;11;30;14306926;CLIENTE;ACTIVO;20191125;F;19970203;SOLTERO;AMA DE CASA;677250
2021;11;30;12353225;CLIENTE;ACTIVO;20191126;F;19970426;NO INFORMA;NULL;1067383
2021;11;30;14779473;CLIENTE;ACTIVO;20191126;M;19991003;SOLTERO;EMPLEADO;1093000
2021;11;30;15944178;CLIENTE;ACTIVO;20191128;M;19940806;SOLTERO;EMPLEADO;1080000
2021;11;30;15893874;CLIENTE;ACTIVO;20191223;M;19900122;SOLTERO;EMPLEADO;822000
2021;11;30;16280429;EXCLIENTE;INACTIVO;20191230;F;20030514;SOLTERO;ESTUDIANTE;1000000
2021;11;30;12436470;CLIENTE;ACTIVO;20191212;F;19940602;NULL;NULL;652500
2021;11;30;11871045;CLIENTE;ACTIVO;20210616;F;19970114;SOLTERO;EMPLEADO;1408000
2021;11;30;10576630;CLIENTE;INACTIVO;20191224;M;19961028;SOLTERO;EMPLEADO;621750
2021;11;30;6004603;CLIENTE;ACTIVO;20191101;F;19811127;UNION LIBRE;EMPLEADO;1106000
2021;11;30;9992179;CLIENTE;ACTIVO;20191018;M;19960309;UNION LIBRE;EMPLEADO;1034264
2021;11;30;10288876;CLIENTE;ACTIVO;20191021;M;20000517;SOLTERO;EMPLEADO;900000
2021;11;30;7219724;EXCLIENTE;INACTIVO;20191017;F;19731106;SOLTERO;AMA DE CASA;1750000
2021;11;30;15281066;CLIENTE;INACTIVO;20191022;M;20171017;SOLTERO;ESTUDIANTE;100000
2021;11;30;7611214;CLIENTE;INACTIVO;20191023;F;19731104;NULL;EMPLEADO;1117000
2021;11;30;14822714;EXCLIENTE;INACTIVO;20191120;M;19990401;CASADO;EMPLEADO;1210000
2021;11;30;11773734;CLIENTE;INACTIVO;20191109;F;20140109;SOLTERO;ESTUDIANTE;100000
2021;11;30;7961611;CLIENTE;ACTIVO;20191106;M;19620828;CASADO;PENSIONADO;1199000
2021;11;30;10688525;CLIENTE;ACTIVO;20200128;M;20010904;SOLTERO;EMPLEADO;1032721
2021;11;30;12974701;EXCLIENTE;INACTIVO;20191113;F;19000101;NO INFORMA;NULL;938000
2021;11;30;10497971;CLIENTE;ACTIVO;20200214;M;19990215;SOLTERO;OTRO;643500
2021;11;30;16263894;EXCLIENTE;INACTIVO;20200313;F;20000728;NULL;EMPLEADO;1008255
2021;11;30;13963119;CLIENTE;ACTIVO;20200212;M;19900727;SOLTERO;OTRO;903000
2021;11;30;5966614;EXCLIENTE;INACTIVO;20200227;F;19790101;CASADO;EMPLEADO;1164713
2021;11;30;12491169;CLIENTE;ACTIVO;20200227;M;19971111;SOLTERO;EMPLEADO;681750
2021;11;30;13405627;CLIENTE;INACTIVO;20200303;M;19990520;SOLTERO;ESTUDIANTE;681750
2021;11;30;10757255;CLIENTE;INACTIVO;20200828;F;20000509;SOLTERO;ESTUDIANTE;875894
2021;11;30;16153259;EXCLIENTE;INACTIVO;20200115;M;19970603;NULL;OTRO;921000
2021;11;30;13133403;CLIENTE;ACTIVO;20200116;M;19980523;SOLTERO;EMPLEADO;1144000
2021;11;30;8805169;CLIENTE;ACTIVO;20200122;M;19770113;SOLTERO;PENSIONADO;4744320
2021;11;30;11880658;CLIENTE;ACTIVO;20200113;M;20120613;SOLTERO;ESTUDIANTE;0
2021;11;30;10566918;CLIENTE;ACTIVO;20200203;M;19890410;UNION LIBRE;EMPLEADO;1600000
2021;11;30;12159250;CLIENTE;INACTIVO;20200207;F;19990423;SOLTERO;EMPLEADO;705000
2021;11;30;7204360;CLIENTE;ACTIVO;20200207;F;19690716;SOLTERO;RENTISTA DE CAPITAL;2950452
2021;11;30;14332077;CLIENTE;ACTIVO;20200204;F;19950621;SOLTERO;OTRO;1144000
2021;11;30;2134691;CLIENTE;INACTIVO;20200129;M;19700623;CASADO;OTRO;1150000
2021;11;30;13576872;EXCLIENTE;INACTIVO;20200127;F;19000101;NO INFORMA;NULL;798000
2021;11;30;4769907;EXCLIENTE;INACTIVO;20190712;F;19840619;SOLTERO;AMA DE CASA;1000000
2021;11;30;12469704;EXCLIENTE;INACTIVO;20190712;F;19990914;SOLTERO;ESTUDIANTE;685500
2021;11;30;14380131;CLIENTE;ACTIVO;20190708;M;19991008;SOLTERO;ESTUDIANTE;7117000
2021;11;30;11915463;EXCLIENTE;INACTIVO;20200916;F;19901202;SOLTERO;EMPLEADO;0
2021;11;30;14404220;CLIENTE;ACTIVO;20190716;M;19800814;CASADO;INDEPENDIENTE;9800000
2021;11;30;13983731;EXCLIENTE;INACTIVO;20190705;F;19870721;SOLTERO;EMPLEADO;672000
2021;11;30;9994468;CLIENTE;INACTIVO;20190731;M;20020909;SOLTERO;EMPLEADO;300000
2021;11;30;12178397;CLIENTE;ACTIVO;20190723;F;20160318;NULL;EMPLEADO;3119843
2021;11;30;12103069;EXCLIENTE;INACTIVO;20190722;F;19990628;NULL;OTRO;851000
2021;11;30;13149795;CLIENTE;ACTIVO;20191205;M;19930906;SOLTERO;ESTUDIANTE;2034247
2021;11;30;16363913;CLIENTE;ACTIVO;20210522;F;19931004;UNION LIBRE;EMPLEADO;950000
2021;11;30;10061408;CLIENTE;INACTIVO;20190615;F;20001202;SOLTERO;NULL;681750
2021;11;30;11003265;CLIENTE;ACTIVO;20200630;F;19980210;SOLTERO;EMPLEADO;500000
2021;11;30;5131856;EXCLIENTE;INACTIVO;20190527;F;19810527;SOLTERO;EMPLEADO;7211190
2021;11;30;10165160;CLIENTE;ACTIVO;20190528;M;20000406;UNION LIBRE;EMPLEADO;900000
2021;11;30;15871777;CLIENTE;INACTIVO;20190514;F;19940406;SOLTERO;EMPLEADO;1164000
2021;11;30;16497427;CLIENTE;ACTIVO;20190513;M;19841228;NULL;EMPLEADO;823000
2021;11;30;15713372;CLIENTE;INACTIVO;20190508;M;19970109;SOLTERO;EMPLEADO;724500
2021;11;30;9646717;EXCLIENTE;INACTIVO;20190508;M;19720212;NO INFORMA;NULL;973000
2021;11;30;8073357;CLIENTE;ACTIVO;20190520;M;19860220;NO INFORMA;EMPLEADO;1251000
2021;11;30;16422159;EXCLIENTE;INACTIVO;20190516;F;19990212;SOLTERO;ESTUDIANTE;800000
2021;11;30;15285026;EXCLIENTE;INACTIVO;20190614;F;19880416;SOLTERO;EMPLEADO;1500000
2021;11;30;13046370;CLIENTE;ACTIVO;20190613;F;19980529;SOLTERO;EMPLEADO;2230267
2021;11;30;15060576;CLIENTE;ACTIVO;20190613;F;19990111;SOLTERO;EMPLEADO;1200000
2021;11;30;13664812;CLIENTE;ACTIVO;20190621;F;19930708;NO INFORMA;EMPLEADO;1835676
2021;11;30;14791504;CLIENTE;INACTIVO;20190531;F;19960929;SOLTERO;EMPLEADO;828116
2021;11;30;10716548;CLIENTE;ACTIVO;20190531;F;19970325;NULL;OTRO;851000
2021;11;30;10908988;CLIENTE;ACTIVO;20190610;M;19910113;CASADO;EMPLEADO;3414319
2021;11;30;3613558;CLIENTE;ACTIVO;20190606;F;19630528;NULL;OTRO;1093000
2021;11;30;12237615;CLIENTE;ACTIVO;20190919;F;19990106;SOLTERO;EMPLEADO;1100000
2021;11;30;16308784;CLIENTE;INACTIVO;20200810;M;20010707;SOLTERO;OTRO;700000
2021;11;30;12937262;CLIENTE;INACTIVO;20190920;F;19910719;SOLTERO;AMA DE CASA;652500
2021;11;30;11866715;CLIENTE;ACTIVO;20190924;M;19940427;SOLTERO;ESTUDIANTE;901865
2021;11;30;10505852;CLIENTE;ACTIVO;20190912;F;19990719;SOLTERO;EMPLEADO;1089719
2021;11;30;10182910;CLIENTE;ACTIVO;20190912;M;20010829;OTRO;DESEMPLEADO CON INGRESOS;859968
2021;11;30;13334333;EXCLIENTE;INACTIVO;20191009;F;19980924;SOLTERO;ESTUDIANTE;500000
2021;11;30;4997219;EXCLIENTE;INACTIVO;20191010;F;19480413;NULL;OTRO;0
2021;11;30;14814953;CLIENTE;ACTIVO;20191002;M;19970303;SOLTERO;NULL;1119912
2021;11;30;2275428;CLIENTE;INACTIVO;20190812;M;19600429;CASADO;EMPLEADO;1019000
2021;11;30;371557;CLIENTE;ACTIVO;20190816;F;19650822;NULL;OTRO;1176000
2021;11;30;13236711;CLIENTE;ACTIVO;20190816;M;19930530;SOLTERO;EMPLEADO;829000
2021;11;30;2135551;EXCLIENTE;INACTIVO;20190902;M;19700419;UNION LIBRE;EMPLEADO;830000
2021;11;30;14470924;CLIENTE;ACTIVO;20190829;F;19991007;SOLTERO;ESTUDIANTE;5773810
2021;11;30;14353693;CLIENTE;ACTIVO;20211027;F;19940130;SOLTERO;NULL;0
2021;11;30;16281356;CLIENTE;ACTIVO;20200612;M;20010219;UNION LIBRE;EMPLEADO;1500000
2021;11;30;14024770;CLIENTE;ACTIVO;20190820;M;19840310;UNION LIBRE;EMPLEADO;908526
2021;11;30;12751406;CLIENTE;ACTIVO;20190823;M;19880417;NULL;OTRO;1605000
2021;11;30;11764275;CLIENTE;INACTIVO;20210326;F;19990509;NULL;EMPLEADO;1004000
2021;11;30;11109647;CLIENTE;ACTIVO;20211025;F;19950605;NULL;EMPLEADO;714750
2021;11;30;8443473;CLIENTE;ACTIVO;20200609;M;19800912;SOLTERO;ESTUDIANTE;1500000
2021;11;30;16507169;CLIENTE;ACTIVO;20200609;M;19841010;UNION LIBRE;EMPLEADO;850000
2021;11;30;13287699;CLIENTE;ACTIVO;20210209;F;19990816;NULL;EMPLEADO;2000000
2021;11;30;14841496;CLIENTE;ACTIVO;20211027;F;19991023;NULL;EMPLEADO;652500
2021;11;30;11626157;CLIENTE;ACTIVO;20200919;F;19930219;NULL;EMPLEADO;1278000
2021;11;30;12834237;EXCLIENTE;INACTIVO;20200725;F;19880523;UNION LIBRE;AMA DE CASA;1050000
2021;11;30;10714906;CLIENTE;ACTIVO;20200623;F;19951020;SOLTERO;AMA DE CASA;1075000
2021;11;30;153569;CLIENTE;ACTIVO;20200702;M;19970401;SOLTERO;EMPLEADO;1227000
2021;11;30;13710476;CLIENTE;ACTIVO;20200702;M;19991128;SOLTERO;OTRO;1880000
2021;11;30;10524288;CLIENTE;ACTIVO;20211101;F;20001028;NULL;EMPLEADO;0
2021;11;30;3510217;CLIENTE;ACTIVO;20200417;F;19000101;NO INFORMA;NULL;1697673
2021;11;30;523543;CLIENTE;ACTIVO;20200320;F;19000101;NO INFORMA;NULL;1052683
2021;11;30;1989280;CLIENTE;ACTIVO;20200327;M;19581125;SOLTERO;PENSIONADO;1498000
2021;11;30;11388803;CLIENTE;ACTIVO;20200312;F;20140705;SOLTERO;ESTUDIANTE;200000
2021;11;30;14280650;CLIENTE;INACTIVO;20200319;F;19910401;SOLTERO;EMPLEADO;700000
2021;11;30;11933593;EXCLIENTE;INACTIVO;20200506;M;19930211;SOLTERO;EMPLEADO;1013000
2021;11;30;5468637;CLIENTE;INACTIVO;20200505;F;19680820;SOLTERO;AMA DE CASA;1369000
2021;11;30;9452237;CLIENTE;ACTIVO;20200518;F;19710208;NULL;EMPLEADO;1308000
2021;11;30;13485664;CLIENTE;INACTIVO;20200508;F;19941115;UNION LIBRE;AMA DE CASA;300000
2021;11;30;4327715;EXCLIENTE;INACTIVO;20200114;F;19640106;NO INFORMA;NULL;0
2021;11;30;11963718;EXCLIENTE;INACTIVO;20200114;F;19980713;NO INFORMA;NULL;0
2021;11;30;10052380;CLIENTE;ACTIVO;20210408;F;20011101;NULL;EMPLEADO;686250
2021;11;30;13656150;CLIENTE;ACTIVO;20171018;M;19941220;UNION LIBRE;EMPLEADO;1050000
2021;11;30;16543633;CLIENTE;INACTIVO;20171024;M;19650608;UNION LIBRE;EMPLEADO;737717
2021;11;30;13234598;CLIENTE;ACTIVO;20171020;M;19880808;NO INFORMA;NULL;983370
2021;11;30;4430500;CLIENTE;ACTIVO;20171104;F;19550615;SOLTERO;PENSIONADO;1019000
2021;11;30;14539501;CLIENTE;ACTIVO;20191206;M;19940722;SOLTERO;EMPLEADO;1332000
2021;11;30;15452627;CLIENTE;ACTIVO;20171009;M;20020303;SOLTERO;ESTUDIANTE;1200000
2021;11;30;774558;EXCLIENTE;INACTIVO;20170929;M;19680508;CASADO;EMPLEADO;1170000
2021;11;30;13483246;EXCLIENTE;INACTIVO;20210416;F;19940327;SOLTERO;EMPLEADO;1277000
2021;11;30;13422017;CLIENTE;ACTIVO;20171012;F;19901205;UNION LIBRE;EMPLEADO;1622000
2021;11;30;15882761;CLIENTE;ACTIVO;20171012;M;19890102;CASADO;EMPLEADO;1203552
2021;11;30;16197353;EXCLIENTE;INACTIVO;20171011;F;19930211;UNION LIBRE;AMA DE CASA;350000
2021;11;30;5080356;CLIENTE;ACTIVO;20171011;F;19520926;CASADO;PENSIONADO;2402000
2021;11;30;13839353;CLIENTE;ACTIVO;20201013;M;19960328;SOLTERO;ESTUDIANTE;1258000
2021;11;30;11999248;CLIENTE;ACTIVO;20171124;F;19990210;DIVORCIADO;EMPLEADO;1037792
2021;11;30;15277321;EXCLIENTE;INACTIVO;20171128;M;19950326;UNION LIBRE;EMPLEADO;1016209
2021;11;30;15575554;EXCLIENTE;INACTIVO;20171211;F;19831106;SOLTERO;EMPLEADO;800000
2021;11;30;14168468;CLIENTE;ACTIVO;20171205;F;19970831;SOLTERO;ESTUDIANTE;1019000
2021;11;30;292702;EXCLIENTE;INACTIVO;20171206;M;19400505;UNION LIBRE;EMPLEADO;699750
2021;11;30;15604017;CLIENTE;ACTIVO;20171109;F;19870125;UNION LIBRE;EMPLEADO;8194816
2021;11;30;10722497;EXCLIENTE;INACTIVO;20171117;M;19950421;NO INFORMA;NULL;0
2021;11;30;567399;CLIENTE;ACTIVO;20170814;M;19761211;UNION LIBRE;EMPLEADO;1200000
2021;11;30;15382994;EXCLIENTE;INACTIVO;20170823;F;19910407;UNION LIBRE;EMPLEADO;1000000
2021;11;30;13792769;CLIENTE;ACTIVO;20170726;F;19960525;UNION LIBRE;EMPLEADO;1136126
2021;11;30;11504439;CLIENTE;INACTIVO;20180201;M;19950122;SOLTERO;EMPLEADO;1038000
2021;11;30;8449435;EXCLIENTE;INACTIVO;20170802;M;19841021;UNION LIBRE;EMPLEADO;737717
2021;11;30;12450540;CLIENTE;ACTIVO;20170803;M;19990306;SOLTERO;EMPLEADO;2700000
2021;11;30;15447101;EXCLIENTE;INACTIVO;20170915;M;19890816;UNION LIBRE;EMPLEADO;800000
2021;11;30;14978706;EXCLIENTE;INACTIVO;20170919;M;19951025;SOLTERO;EMPLEADO;1191000
2021;11;30;8964704;CLIENTE;ACTIVO;20170926;M;19810419;UNION LIBRE;EMPLEADO;5074430
2021;11;30;12781065;CLIENTE;ACTIVO;20170928;M;19960430;SOLTERO;EMPLEADO;1952040
2021;11;30;13280886;EXCLIENTE;INACTIVO;20170922;F;19900322;UNION LIBRE;EMPLEADO;1474000
2021;11;30;12138329;CLIENTE;ACTIVO;20180921;M;19930831;SOLTERO;EMPLEADO;1200000
2021;11;30;8511592;EXCLIENTE;INACTIVO;20180829;M;19700801;UNION LIBRE;EMPLEADO;1199000
2021;11;30;7338098;EXCLIENTE;INACTIVO;20170829;F;19770323;SOLTERO;EMPLEADO;1043936
2021;11;30;13359741;EXCLIENTE;INACTIVO;20170911;F;19890130;UNION LIBRE;EMPLEADO;0
2021;11;30;12068978;CLIENTE;ACTIVO;20170911;F;19941205;SOLTERO;EMPLEADO;1690788
2021;11;30;14470498;CLIENTE;INACTIVO;20170909;M;19990416;SOLTERO;PENSIONADO;662250
2021;11;30;12217059;CLIENTE;ACTIVO;20210805;M;19920122;SOLTERO;EMPLEADO;1000000
2021;11;30;1790761;CLIENTE;INACTIVO;20180308;M;19800921;UNION LIBRE;EMPLEADO;1004000
2021;11;30;14239153;CLIENTE;ACTIVO;20180310;M;19931219;SOLTERO;ESTUDIANTE;2059605
2021;11;30;16576521;EXCLIENTE;INACTIVO;20180308;F;19890706;SOLTERO;ESTUDIANTE;1550000
2021;11;30;1532615;EXCLIENTE;INACTIVO;20180316;M;19710713;CASADO;EMPLEADO;1000000
2021;11;30;13475212;CLIENTE;ACTIVO;20180312;F;19910624;SOLTERO;EMPLEADO;1013000
2021;11;30;3118620;CLIENTE;ACTIVO;20180314;F;19600522;DIVORCIADO;PENSIONADO;1354232
2021;11;30;2510164;CLIENTE;ACTIVO;20180221;M;19761103;UNION LIBRE;EMPLEADO;1182518
2021;11;30;11639631;CLIENTE;INACTIVO;20180302;F;19970407;SOLTERO;EMPLEADO;1013000
2021;11;30;521430;EXCLIENTE;INACTIVO;20180227;M;19750923;SOLTERO;EMPLEADO;822000
2021;11;30;7803374;EXCLIENTE;INACTIVO;20180227;F;19810824;NO INFORMA;NULL;0
2021;11;30;13162520;CLIENTE;ACTIVO;20180228;F;19960626;NO INFORMA;NULL;898000
2021;11;30;14230129;CLIENTE;INACTIVO;20180418;M;19990806;SOLTERO;EMPLEADO;1040230
2021;11;30;8154451;EXCLIENTE;INACTIVO;20180419;M;19760810;UNION LIBRE;EMPLEADO;1078000
2021;11;30;12060645;EXCLIENTE;INACTIVO;20180414;F;19921124;SOLTERO;ESTUDIANTE;1500000
2021;11;30;10767260;EXCLIENTE;INACTIVO;20180327;M;19990101;SOLTERO;EMPLEADO;1131838
2021;11;30;15950228;CLIENTE;INACTIVO;20180328;F;19971229;SOLTERO;EMPLEADO;1068000
2021;11;30;13615772;CLIENTE;ACTIVO;20180327;M;19940126;SOLTERO;DESEMPLEADO SIN INGRESOS;853192
2021;11;30;8534809;EXCLIENTE;INACTIVO;20180328;M;19661107;UNION LIBRE;EMPLEADO;4860000
2021;11;30;8308077;EXCLIENTE;INACTIVO;20180207;M;19780717;UNION LIBRE;EMPLEADO;1031000
2021;11;30;13490273;CLIENTE;ACTIVO;20180118;F;19960527;SOLTERO;EMPLEADO;12380804
2021;11;30;11066608;EXCLIENTE;INACTIVO;20180119;M;19980421;NO INFORMA;EMPLEADO;793000
2021;11;30;14769204;CLIENTE;ACTIVO;20180117;F;19791222;SOLTERO;EMPLEADO;677250
2021;11;30;8500872;EXCLIENTE;INACTIVO;20171213;M;19561219;NULL;OTRO;4200000
2021;11;30;15300726;CLIENTE;ACTIVO;20171214;F;19990331;SOLTERO;AMA DE CASA;1164000
2021;11;30;164244;CLIENTE;ACTIVO;20180102;F;19561017;NULL;EMPLEADO;1309000
2021;11;30;4068977;CLIENTE;ACTIVO;20171222;F;19840307;UNION LIBRE;EMPLEADO;1411886
2021;11;30;4803171;CLIENTE;ACTIVO;20180207;F;19830305;UNION LIBRE;ESTUDIANTE;2265000
2021;11;30;11535418;CLIENTE;ACTIVO;20180209;M;19971126;SOLTERO;EMPLEADO;1400000
2021;11;30;11375886;CLIENTE;INACTIVO;20180206;M;19981119;SOLTERO;ESTUDIANTE;908770
2021;11;30;4272946;CLIENTE;ACTIVO;20180126;F;19530227;UNION LIBRE;AMA DE CASA;1500000
2021;11;30;16261298;EXCLIENTE;INACTIVO;20180123;M;20001227;SOLTERO;ESTUDIANTE;200000
2021;11;30;10810419;CLIENTE;ACTIVO;20180131;M;19980512;NO INFORMA;EMPLEADO;0
2021;11;30;12361838;EXCLIENTE;INACTIVO;20180202;F;19901030;SOLTERO;EMPLEADO;829000
2021;11;30;16371545;CLIENTE;ACTIVO;20210713;M;19980221;SOLTERO;EMPLEADO;9800000
2021;11;30;13469139;CLIENTE;ACTIVO;20180129;M;19890807;SOLTERO;EMPLEADO;1145094
2021;11;30;11002931;EXCLIENTE;INACTIVO;20200825;M;19971120;SOLTERO;EMPLEADO;672000
2021;11;30;11844702;CLIENTE;INACTIVO;20170116;M;20070706;NULL;ESTUDIANTE;50000
2021;11;30;1585444;CLIENTE;ACTIVO;20201021;M;19800820;NULL;NULL;1308000
2021;11;30;11212926;EXCLIENTE;INACTIVO;20170123;M;19970226;SOLTERO;EMPLEADO;738000
2021;11;30;9523255;CLIENTE;ACTIVO;20170117;M;19850508;SOLTERO;EMPLEADO;1099000
2021;11;30;537559;EXCLIENTE;INACTIVO;20170119;F;19840501;NO INFORMA;NULL;0
2021;11;30;10914061;CLIENTE;ACTIVO;20170118;F;19911008;UNION LIBRE;EMPLEADO;3453845
2021;11;30;16462426;CLIENTE;INACTIVO;20170131;F;20121211;NULL;ESTUDIANTE;1000000
2021;11;30;15687814;CLIENTE;ACTIVO;20161227;M;19880720;SOLTERO;EMPLEADO;2064000
2021;11;30;10110548;CLIENTE;ACTIVO;20190528;M;19981122;SOLTERO;EMPLEADO;1127457
2021;11;30;11368051;CLIENTE;ACTIVO;20170105;M;19970222;SOLTERO;EMPLEADO;1038891
2021;11;30;12475637;CLIENTE;INACTIVO;20170208;M;19940222;SOLTERO;EMPLEADO;719250
2021;11;30;5761311;CLIENTE;ACTIVO;20170222;F;19750408;SOLTERO;AMA DE CASA;1089000
2021;11;30;6429722;EXCLIENTE;INACTIVO;20170127;F;19721202;NO INFORMA;NULL;438302
2021;11;30;3457068;CLIENTE;ACTIVO;20170126;F;19800802;SOLTERO;EMPLEADO;1356583
2021;11;30;10761268;EXCLIENTE;INACTIVO;20161026;F;19990117;SOLTERO;EMPLEADO;700000
2021;11;30;5362450;EXCLIENTE;INACTIVO;20170616;F;19640924;SOLTERO;EMPLEADO;1120000
2021;11;30;1382677;CLIENTE;ACTIVO;20161026;M;19820723;CASADO;EMPLEADO;1609000
2021;11;30;5709064;EXCLIENTE;INACTIVO;20161028;F;19750705;DIVORCIADO;EMPLEADO;900000
2021;11;30;13716540;EXCLIENTE;INACTIVO;20161109;M;19960614;DIVORCIADO;EMPLEADO;1311710
2021;11;30;11202195;CLIENTE;ACTIVO;20161109;F;19950628;NO INFORMA;NULL;1048243
2021;11;30;9927727;CLIENTE;INACTIVO;20161103;M;19821124;SOLTERO;EMPLEADO;1391965
2021;11;30;15876857;EXCLIENTE;INACTIVO;20161108;M;19960912;SOLTERO;ESTUDIANTE;520000
2021;11;30;14308740;CLIENTE;ACTIVO;20161011;F;19970831;SOLTERO;ESTUDIANTE;2285431
2021;11;30;11521832;CLIENTE;ACTIVO;20161013;F;19980529;SOLTERO;ESTUDIANTE;1102076
2021;11;30;13574220;CLIENTE;INACTIVO;20161010;F;19951210;NO INFORMA;EMPLEADO;1078000
2021;11;30;15863645;EXCLIENTE;INACTIVO;20161024;M;19910207;SOLTERO;EMPLEADO;788000
2021;11;30;12127514;EXCLIENTE;INACTIVO;20161019;M;19901104;SOLTERO;EMPLEADO;811000
2021;11;30;5189817;CLIENTE;ACTIVO;20161217;F;19451102;VIUDO;AMA DE CASA;1181222
2021;11;30;7950379;EXCLIENTE;INACTIVO;20161115;M;19610312;CASADO;EMPLEADO;1559134
2021;11;30;9042968;EXCLIENTE;INACTIVO;20161129;M;19840418;DIVORCIADO;EMPLEADO;1251098
2021;11;30;10854600;EXCLIENTE;INACTIVO;20170531;F;19931018;SOLTERO;EMPLEADO;1187502
2021;11;30;3345561;EXCLIENTE;INACTIVO;20170316;F;19000101;NO INFORMA;NULL;1045220
2021;11;30;2371502;CLIENTE;INACTIVO;20170602;M;19811225;UNION LIBRE;EMPLEADO;2104000
2021;11;30;6959649;CLIENTE;INACTIVO;20170606;F;19790816;UNION LIBRE;EMPLEADO;1563000
2021;11;30;8723142;CLIENTE;ACTIVO;20170316;M;19740523;SOLTERO;EMPLEADO;1234000
2021;11;30;15470258;EXCLIENTE;INACTIVO;20170523;F;19981025;UNION LIBRE;EMPLEADO;1073898
2021;11;30;13787707;CLIENTE;ACTIVO;20191001;F;19950130;SOLTERO;PROFESIONAL INDEPENDIENTE;1200000
2021;11;30;12373831;EXCLIENTE;INACTIVO;20170516;M;19910628;SOLTERO;EMPLEADO;1087537
2021;11;30;3775995;CLIENTE;INACTIVO;20200619;F;19690510;UNION LIBRE;EMPLEADO;1440269
2021;11;30;13517158;CLIENTE;ACTIVO;20170710;F;19960309;SOLTERO;EMPLEADO;740000
2021;11;30;14234297;CLIENTE;INACTIVO;20170705;M;19991211;SOLTERO;ESTUDIANTE;500000
2021;11;30;3706681;CLIENTE;INACTIVO;20170705;F;19440720;VIUDO;AMA DE CASA;1210000
2021;11;30;15266208;CLIENTE;ACTIVO;20170705;F;19951229;CASADO;PROFESIONAL INDEPENDIENTE;7914610
2021;11;30;11225262;CLIENTE;ACTIVO;20170616;M;19990427;SOLTERO;EMPLEADO;2313917
2021;11;30;13619200;CLIENTE;ACTIVO;20170630;M;19920831;NO INFORMA;EMPLEADO;1993000
2021;11;30;6007204;CLIENTE;ACTIVO;20200215;F;19780623;SOLTERO;EMPLEADO;1508000
2021;11;30;9471600;CLIENTE;ACTIVO;20170314;M;19720627;NO INFORMA;EMPLEADO;1180625
2021;11;30;13444560;EXCLIENTE;INACTIVO;20170323;M;19860712;SOLTERO;EMPLEADO;737717
2021;11;30;9614888;CLIENTE;INACTIVO;20170301;M;19780124;UNION LIBRE;EMPLEADO;1002000
2021;11;30;12413909;EXCLIENTE;INACTIVO;20170224;F;19920113;DIVORCIADO;EMPLEADO;1298769
2021;11;30;15041761;CLIENTE;ACTIVO;20210708;F;19960314;SOLTERO;ESTUDIANTE;1021362
2021;11;30;11616467;CLIENTE;ACTIVO;20170316;M;19870729;SOLTERO;EMPLEADO;1298471
2021;11;30;13917280;CLIENTE;INACTIVO;20210326;M;19950917;UNION LIBRE;EMPLEADO;1000000
2021;11;30;7075127;CLIENTE;INACTIVO;20170412;F;19810928;UNION LIBRE;EMPLEADO;1100000
2021;11;30;16181045;CLIENTE;ACTIVO;20190212;M;19960821;SOLTERO;EMPLEADO;1074000
2021;11;30;11857100;EXCLIENTE;INACTIVO;20190213;F;19880127;SOLTERO;OTRO;1152000
2021;11;30;10687078;EXCLIENTE;INACTIVO;20190211;M;20001022;SOLTERO;EMPLEADO;1147000
2021;11;30;6889893;CLIENTE;ACTIVO;20190306;F;19790218;SOLTERO;EMPLEADO;1326000
2021;11;30;13513017;CLIENTE;ACTIVO;20190314;M;19861001;NULL;OTRO;2184000
2021;11;30;12093674;CLIENTE;INACTIVO;20190313;M;20161128;SOLTERO;ESTUDIANTE;300000
2021;11;30;6059354;CLIENTE;ACTIVO;20190225;F;19700609;CASADO;EMPLEADO;1093000
2021;11;30;6614659;EXCLIENTE;INACTIVO;20190301;F;19670504;CASADO;EMPLEADO;1007000
2021;11;30;3567374;CLIENTE;ACTIVO;20181221;F;19830623;SOLTERO;AMA DE CASA;734250
2021;11;30;10356143;EXCLIENTE;INACTIVO;20190102;M;19840416;SOLTERO;OTRO;1056000
2021;11;30;12452952;CLIENTE;ACTIVO;20210702;M;19990908;SOLTERO;EMPLEADO;912171
2021;11;30;16562305;CLIENTE;ACTIVO;20200813;F;19931027;SOLTERO;EMPLEADO;1200000
2021;11;30;11372159;CLIENTE;ACTIVO;20181210;M;19971229;SOLTERO;EMPLEADO;1049000
2021;11;30;5423844;CLIENTE;ACTIVO;20181206;F;19780208;CASADO;AMA DE CASA;1269829
2021;11;30;11508029;CLIENTE;ACTIVO;20181212;F;19950816;SOLTERO;ESTUDIANTE;1002967
2021;11;30;11972813;EXCLIENTE;INACTIVO;20190125;M;19900613;UNION LIBRE;EMPLEADO;1170000
2021;11;30;15746854;CLIENTE;ACTIVO;20190128;F;19880815;SOLTERO;EMPLEADO;1025000
2021;11;30;10622915;CLIENTE;ACTIVO;20190109;M;19941211;CASADO;EMPLEADO;1200000
2021;11;30;4112739;CLIENTE;ACTIVO;20190108;F;19640228;NO INFORMA;AMA DE CASA;830000
2021;11;30;11087302;EXCLIENTE;INACTIVO;20190115;M;19901104;SOLTERO;EMPLEADO;1029000
2021;11;30;10732022;CLIENTE;ACTIVO;20190114;M;20000903;CASADO;EMPLEADO;1600000
2021;11;30;15106116;CLIENTE;ACTIVO;20190116;F;19930710;SOLTERO;EMPLEADO;1290000
2021;11;30;3293732;CLIENTE;ACTIVO;20210203;F;19820807;SOLTERO;EMPLEADO;1437000
2021;11;30;14514351;CLIENTE;ACTIVO;20210206;F;19960518;SOLTERO;EMPLEADO;2078599
2021;11;30;15893494;CLIENTE;ACTIVO;20210315;F;19990812;SOLTERO;ESTUDIANTE;1049000
2021;11;30;13790880;CLIENTE;INACTIVO;20200104;M;19950915;SOLTERO;ESTUDIANTE;1042000
2021;11;30;10667948;CLIENTE;ACTIVO;20190506;M;19920804;SOLTERO;EMPLEADO;658500
2021;11;30;13690025;EXCLIENTE;INACTIVO;20200110;F;19970617;SOLTERO;OTRO;1984000
2021;11;30;9114784;EXCLIENTE;INACTIVO;20190503;M;19790831;UNION LIBRE;EMPLEADO;989000
2021;11;30;10309164;CLIENTE;ACTIVO;20210119;M;19930515;CASADO;EMPLEADO;1200000
2021;11;30;1667459;CLIENTE;ACTIVO;20190401;M;19840818;SOLTERO;EMPLEADO;1200000
2021;11;30;9501656;CLIENTE;ACTIVO;20190513;M;19811108;UNION LIBRE;EMPLEADO;1500000
2021;11;30;3864147;CLIENTE;ACTIVO;20211122;F;19530901;VIUDO;AMA DE CASA;2600000
2021;11;30;15202851;EXCLIENTE;INACTIVO;20190328;M;19941121;NULL;OTRO;851000
2021;11;30;14839360;CLIENTE;ACTIVO;20180709;F;19860604;NULL;OTRO;4289280
2021;11;30;10294026;CLIENTE;ACTIVO;20180706;F;19981128;UNION LIBRE;EMPLEADO;1042000
2021;11;30;10315045;CLIENTE;ACTIVO;20180718;M;19990604;SOLTERO;EMPLEADO;1210000
2021;11;30;16388769;CLIENTE;ACTIVO;20180712;F;19800614;CASADO;SOCIO O EMPLEADO - SOCIO;2100000
2021;11;30;14514910;EXCLIENTE;INACTIVO;20180714;F;19961016;UNION LIBRE;ESTUDIANTE;800000
2021;11;30;11075795;CLIENTE;ACTIVO;20180625;M;19871126;SOLTERO;EMPLEADO;4618222
2021;11;30;10137939;EXCLIENTE;INACTIVO;20180628;M;19850619;UNION LIBRE;EMPLEADO;700000
2021;11;30;1600994;EXCLIENTE;INACTIVO;20180814;M;19620107;UNION LIBRE;EMPLEADO;1200000
2021;11;30;14557220;CLIENTE;ACTIVO;20180802;F;19941019;SOLTERO;EMPLEADO;2131407
2021;11;30;12599546;CLIENTE;ACTIVO;20180801;M;19970209;SOLTERO;EMPLEADO;10168190
2021;11;30;7398482;CLIENTE;ACTIVO;20180804;F;19850126;UNION LIBRE;AMA DE CASA;1000000
2021;11;30;12656459;EXCLIENTE;INACTIVO;20180803;M;19991118;SOLTERO;EMPLEADO;781242
2021;11;30;11828384;EXCLIENTE;INACTIVO;20180813;M;19910730;NO INFORMA;OTRO;2408000
2021;11;30;11085581;CLIENTE;ACTIVO;20180815;F;19900620;UNION LIBRE;EMPLEADO;1400000
2021;11;30;10395227;CLIENTE;INACTIVO;20180809;F;20030202;NO INFORMA;OTRO;1227000
2021;11;30;7102875;CLIENTE;ACTIVO;20180725;F;19840101;SOLTERO;EMPLEADO;2500000
2021;11;30;9630529;EXCLIENTE;INACTIVO;20180504;F;19000101;NO INFORMA;NULL;1138000
2021;11;30;1995788;EXCLIENTE;INACTIVO;20180504;F;19000101;NO INFORMA;NULL;1013000
2021;11;30;14633014;EXCLIENTE;INACTIVO;20180507;M;19930802;SOLTERO;ESTUDIANTE;1234000
2021;11;30;8102270;CLIENTE;INACTIVO;20180507;M;19751109;CASADO;EMPLEADO;666750
2021;11;30;14393448;EXCLIENTE;INACTIVO;20180510;F;19950404;SOLTERO;OTRO;1512000
2021;11;30;9635435;CLIENTE;ACTIVO;20180515;M;19830222;SOLTERO;PROFESIONAL INDEPENDIENTE;1030850
2021;11;30;3731298;EXCLIENTE;INACTIVO;20180424;F;19590104;CASADO;EMPLEADO;695250
2021;11;30;14785254;CLIENTE;INACTIVO;20180423;M;19960615;SOLTERO;EMPLEADO;841000
2021;11;30;14718186;EXCLIENTE;INACTIVO;20180503;M;19961006;UNION LIBRE;EMPLEADO;1127793
2021;11;30;15986551;EXCLIENTE;INACTIVO;20180625;F;19910402;UNION LIBRE;AMA DE CASA;562500
2021;11;30;10007202;CLIENTE;ACTIVO;20210726;F;20000220;SOLTERO;AMA DE CASA;200000
2021;11;30;11212571;CLIENTE;ACTIVO;20180618;M;19970622;SOLTERO;EMPLEADO;5077659
2021;11;30;14666385;CLIENTE;ACTIVO;20210519;M;19930513;UNION LIBRE;EMPLEADO;1012000
2021;11;30;8336272;CLIENTE;ACTIVO;20180614;M;19791029;UNION LIBRE;EMPLEADO;2626595
2021;11;30;173269;CLIENTE;ACTIVO;20180530;M;19820213;CASADO;PROFESIONAL INDEPENDIENTE;1098722
2021;11;30;12227180;CLIENTE;ACTIVO;20180530;F;19921007;SOLTERO;NULL;1099423
2021;11;30;11333966;CLIENTE;ACTIVO;20201123;M;19910809;UNION LIBRE;EMPLEADO;1085523
2021;11;30;6065727;EXCLIENTE;INACTIVO;20181030;F;19770911;CASADO;AMA DE CASA;1014000
2021;11;30;5313991;CLIENTE;INACTIVO;20181029;F;19591017;UNION LIBRE;PENSIONADO;4499520
2021;11;30;16504754;CLIENTE;ACTIVO;20181102;M;19731124;SOLTERO;EMPLEADO;1500000
2021;11;30;12734687;CLIENTE;ACTIVO;20181031;F;19921125;SOLTERO;EMPLEADO;3485316
2021;11;30;4445282;CLIENTE;ACTIVO;20181210;F;19821105;SOLTERO;EMPLEADO;1001000
2021;11;30;10616155;CLIENTE;INACTIVO;20181022;F;19970615;SOLTERO;EMPLEADO;1786000
2021;11;30;651617;EXCLIENTE;INACTIVO;20181124;M;19750828;UNION LIBRE;EMPLEADO;782000
2021;11;30;15454200;CLIENTE;ACTIVO;20181126;F;19951023;SOLTERO;EMPLEADO;1246000
2021;11;30;12981346;EXCLIENTE;INACTIVO;20181122;F;19960621;UNION LIBRE;RENTISTA DE CAPITAL;781242
2021;11;30;9514043;CLIENTE;ACTIVO;20181203;M;19840611;UNION LIBRE;EMPLEADO;872543
2021;11;30;15018886;CLIENTE;ACTIVO;20190518;F;19981207;SOLTERO;ESTUDIANTE;1124000
2021;11;30;4631875;CLIENTE;ACTIVO;20181114;F;19610215;NULL;AMA DE CASA;734250
2021;11;30;6317480;CLIENTE;ACTIVO;20181119;F;19600613;SOLTERO;AMA DE CASA;643500
2021;11;30;7428953;EXCLIENTE;INACTIVO;20181116;F;19720913;CASADO;EMPLEADO;1456000
2021;11;30;13263562;CLIENTE;INACTIVO;20180903;F;19940419;SOLTERO;EMPLEADO;781242
2021;11;30;11210039;CLIENTE;ACTIVO;20180910;M;19970307;SOLTERO;RENTISTA DE CAPITAL;5057643
2021;11;30;12683336;CLIENTE;ACTIVO;20180821;M;20050608;SOLTERO;ESTUDIANTE;2099164
2021;11;30;12880229;CLIENTE;ACTIVO;20180822;M;19970628;SOLTERO;EMPLEADO;1200000
2021;11;30;11598792;EXCLIENTE;INACTIVO;20181001;F;19980424;DIVORCIADO;EMPLEADO;846000
2021;11;30;12444339;CLIENTE;ACTIVO;20180927;F;19970918;CASADO;EMPLEADO;1450000
2021;11;30;13038512;CLIENTE;ACTIVO;20200810;M;19970923;SOLTERO;EMPLEADO;1007000
2021;11;30;13597981;CLIENTE;INACTIVO;20181003;M;19910416;SOLTERO;EMPLEADO;1036000
2021;11;30;10645503;CLIENTE;ACTIVO;20181004;F;20000511;SOLTERO;ESTUDIANTE;1155000
2021;11;30;7621773;CLIENTE;ACTIVO;20181005;F;19721231;NULL;AMA DE CASA;1008000
2021;11;30;14119698;CLIENTE;ACTIVO;20211019;M;19981212;UNION LIBRE;EMPLEADO;781242
2021;11;30;12468411;EXCLIENTE;INACTIVO;20180921;F;19961125;SOLTERO;EMPLEADO;1271000
2021;11;30;14379518;CLIENTE;ACTIVO;20211111;F;19990210;NULL;EMPLEADO;700000
2021;11;30;14056489;CLIENTE;ACTIVO;20211111;M;19900916;SOLTERO;EMPLEADO;1200000
2021;11;30;15228985;CLIENTE;ACTIVO;20211102;M;19841015;NULL;OTRO;940000
2021;11;30;12582426;CLIENTE;ACTIVO;20211118;F;20031217;SOLTERO;ESTUDIANTE;500000
2021;11;30;10581771;CLIENTE;ACTIVO;20211025;F;20020530;SOLTERO;EMPLEADO;908600
2021;11;30;2948137;CLIENTE;INACTIVO;19911022;F;0;NO INFORMA;EMPLEADO;1535933
2021;11;30;2083161;EXCLIENTE;FALLECIDO;19740515;M;19540103;SOLTERO;EMPLEADO;1100000
2021;11;30;7679167;CLIENTE;ACTIVO;19910517;M;19520209;CASADO;PROFESIONAL INDEPENDIENTE;36522900
2021;11;30;5880335;CLIENTE;ACTIVO;19850601;F;19560327;SOLTERO;EMPLEADO;1614301
2021;11;30;7782081;CLIENTE;INACTIVO;19901011;M;19630427;SOLTERO;EMPLEADO;1000000
2021;11;30;7992082;EXCLIENTE;INACTIVO;19930101;M;19660216;CASADO;OTRO;0
2021;11;30;7781662;CLIENTE;ACTIVO;19910417;M;19630120;CASADO;RENTISTA DE CAPITAL;14643236
2021;11;30;3034156;CLIENTE;INACTIVO;19861111;F;19550821;CASADO;EMPLEADO;1456000
2021;11;30;7697398;EXCLIENTE;INACTIVO;19880303;M;19560516;NO INFORMA;NULL;0
2021;11;30;9788612;CLIENTE;ACTIVO;19861229;M;19630524;SOLTERO;EMPLEADO;5746510
2021;11;30;4429252;EXCLIENTE;INACTIVO;19931105;F;19560507;NO INFORMA;EMPLEADO;416000
2021;11;30;656011;EXCLIENTE;INACTIVO;19890715;M;19570621;NO INFORMA;NULL;0
2021;11;30;3349236;EXCLIENTE;INACTIVO;19770114;F;0;NO INFORMA;NULL;0
2021;11;30;316865;CLIENTE;ACTIVO;19860306;M;19550621;SOLTERO;PENSIONADO;8407545
2021;11;30;918245;CLIENTE;ACTIVO;19931101;M;19521019;CASADO;PENSIONADO;44483580
2021;11;30;358026;CLIENTE;ACTIVO;19840601;M;19540604;SOLTERO;EMPLEADO;7143700
2021;11;30;493950;CLIENTE;ACTIVO;19801006;M;19561112;CASADO;PENSIONADO;12058410
2021;11;30;16246580;CLIENTE;ACTIVO;20211125;F;20080423;SOLTERO;ESTUDIANTE;100000
2021;11;30;10142230;CLIENTE;ACTIVO;20211126;F;20030222;SOLTERO;EMPLEADO;908526
2021;11;30;4128825;CLIENTE;ACTIVO;19450101;F;19620613;SOLTERO;EMPLEADO;29119500
2021;11;30;5688856;CLIENTE;ACTIVO;19920226;F;19570523;SOLTERO;PENSIONADO;6399000
2021;11;30;2071110;EXCLIENTE;INACTIVO;19910419;M;0;NO INFORMA;NULL;0
2021;11;30;2258390;EXCLIENTE;INACTIVO;19930101;M;19920202;NO INFORMA;NULL;0
2021;11;30;2705446;EXCLIENTE;INACTIVO;19890601;M;19900101;NO INFORMA;NULL;0
2021;11;30;2420510;EXCLIENTE;INACTIVO;19940801;M;19460503;CASADO;EMPLEADO;2200000
2021;11;30;2385272;EXCLIENTE;INACTIVO;19710501;M;0;NO INFORMA;NULL;0
2021;11;30;10142451;CLIENTE;ACTIVO;20210812;M;20030404;NULL;ESTUDIANTE;200000
2021;11;30;6301728;CLIENTE;ACTIVO;20210831;M;19820126;SOLTERO;EMPLEADO;1200000
2021;11;30;3543919;CLIENTE;ACTIVO;20210824;F;19801003;SOLTERO;EMPLEADO;900000
2021;11;30;14784098;CLIENTE;ACTIVO;20210728;F;19931022;SOLTERO;EMPLEADO;1000000
2021;11;30;6395702;CLIENTE;ACTIVO;20210722;F;19850731;NULL;OTRO;19724670
2021;11;30;10268802;CLIENTE;ACTIVO;20210810;F;20030519;NULL;ESTUDIANTE;1000000
2021;11;30;12508678;CLIENTE;ACTIVO;20211119;M;19950802;UNION LIBRE;EMPLEADO;1932000
2021;11;30;11233663;CLIENTE;ACTIVO;20210805;F;20200903;SOLTERO;ESTUDIANTE;800000
2021;11;30;10386106;CLIENTE;ACTIVO;20210929;M;19910410;SOLTERO;EMPLEADO;1050000
2021;11;30;15925244;CLIENTE;ACTIVO;20210923;F;19960210;CASADO;AMA DE CASA;900000
2021;11;30;5060212;EXCLIENTE;INACTIVO;19790521;F;0;NO INFORMA;NULL;0
2021;11;30;4036825;CLIENTE;ACTIVO;20110905;F;19380317;SOLTERO;PENSIONADO;1023585
2021;11;30;4017558;CLIENTE;INACTIVO;19111111;F;19290114;CASADO;AMA DE CASA;2008951
2021;11;30;3910174;EXCLIENTE;INACTIVO;19111111;F;0;NO INFORMA;NULL;0
2021;11;30;5482735;EXCLIENTE;INACTIVO;19980109;F;19581226;NO INFORMA;EMPLEADO;575000
2021;11;30;4716197;EXCLIENTE;INACTIVO;19911001;F;19520130;DIVORCIADO;AMA DE CASA;1100000
2021;11;30;5482779;EXCLIENTE;INACTIVO;19840801;F;19640113;SOLTERO;EMPLEADO;1044238
2021;11;30;9526641;CLIENTE;ACTIVO;19960117;M;19700526;CASADO;EMPLEADO;4456320
2021;11;30;16623242;EXCLIENTE;INACTIVO;19970918;M;0;SOLTERO;NULL;0
2021;11;30;16656301;EXCLIENTE;INACTIVO;19970827;F;0;SOLTERO;NULL;0
2021;11;30;9395627;EXCLIENTE;INACTIVO;19920326;M;0;NO INFORMA;NULL;0
2021;11;30;7262313;CLIENTE;ACTIVO;20211021;F;19730120;UNION LIBRE;AMA DE CASA;1200000
2021;11;30;7301542;CLIENTE;INACTIVO;19800121;F;0;NO INFORMA;EMPLEADO;1535933
2021;11;30;8534157;EXCLIENTE;INACTIVO;19970212;M;19680730;SOLTERO;EMPLEADO;1400000
2021;11;30;2637573;EXCLIENTE;INACTIVO;20101030;M;19530413;NO INFORMA;EMPLEADO;1996500
2021;11;30;2811799;EXCLIENTE;INACTIVO;19750701;F;0;NO INFORMA;NULL;0
2021;11;30;2615613;EXCLIENTE;INACTIVO;20200512;M;19511211;CASADO;PENSIONADO;6000000
2021;11;30;2932383;CLIENTE;INACTIVO;20130607;F;19280404;SOLTERO;PENSIONADO;1477987
2021;11;30;2906867;EXCLIENTE;INACTIVO;19971201;F;0;NO INFORMA;NULL;0
2021;11;30;2838635;EXCLIENTE;INACTIVO;19111111;F;0;NO INFORMA;NULL;0
2021;11;30;648086;CLIENTE;ACTIVO;19980302;M;19440226;UNION LIBRE;PENSIONADO;4281600
2021;11;30;1033423;CLIENTE;INACTIVO;19980514;M;19710523;SOLTERO;EMPLEADO;2498000
2021;11;30;1828341;CLIENTE;ACTIVO;19911220;M;19660817;SOLTERO;EMPLEADO;1136000
2021;11;30;2419829;EXCLIENTE;INACTIVO;20170904;M;19460401;CASADO;PENSIONADO;4377600
2021;11;30;677022;EXCLIENTE;INACTIVO;19910717;M;0;NO INFORMA;NULL;0
2021;11;30;2413864;CLIENTE;ACTIVO;19970806;M;0;CASADO;PENSIONADO;1709000
2021;11;30;2402275;EXCLIENTE;INACTIVO;19950316;M;0;NO INFORMA;NULL;0
2021;11;30;2835086;CLIENTE;ACTIVO;20200424;F;19430503;CASADO;PENSIONADO;1958982
2021;11;30;2409503;CLIENTE;ACTIVO;19840515;M;19450102;NO INFORMA;PENSIONADO;4796160
2021;11;30;12889275;CLIENTE;ACTIVO;19971203;F;19921224;SOLTERO;EMPLEADO;2591000
2021;11;30;3566090;EXCLIENTE;INACTIVO;19960604;F;0;CASADO;NULL;0
2021;11;30;4166806;EXCLIENTE;INACTIVO;20130706;F;19760816;NO INFORMA;EMPLEADO;1238597
2021;11;30;4608201;CLIENTE;INACTIVO;19921229;F;19581106;CASADO;EMPLEADO;1878000
2021;11;30;4058432;EXCLIENTE;INACTIVO;19870216;F;0;NO INFORMA;NULL;0
2021;11;30;4813511;EXCLIENTE;INACTIVO;19961011;F;0;CASADO;NULL;0
2021;11;30;4813660;EXCLIENTE;INACTIVO;19930907;F;0;NO INFORMA;NULL;0
2021;11;30;2974626;CLIENTE;INACTIVO;19920317;F;0;NO INFORMA;EMPLEADO;0
2021;11;30;2892653;EXCLIENTE;INACTIVO;19111111;F;0;NO INFORMA;NULL;0
2021;11;30;9261510;EXCLIENTE;INACTIVO;19990602;M;0;NO INFORMA;NULL;0
2021;11;30;3962612;CLIENTE;INACTIVO;19960926;F;19290105;CASADO;EMPLEADO;1940578
2021;11;30;7702445;CLIENTE;ACTIVO;20180810;M;19561003;SOLTERO;ESTUDIANTE;1080000
2021;11;30;4568114;CLIENTE;ACTIVO;19990423;F;19530302;VIUDO;PENSIONADO;19049685
2021;11;30;2684641;CLIENTE;ACTIVO;20200827;M;19550319;CASADO;PENSIONADO;3116615
2021;11;30;5123631;EXCLIENTE;INACTIVO;19990709;F;0;NO INFORMA;NULL;0
2021;11;30;8590405;EXCLIENTE;INACTIVO;19990625;M;19650315;UNION LIBRE;EMPLEADO;0
2021;11;30;16712522;EXCLIENTE;INACTIVO;19990223;M;19880606;CASADO;NULL;0
2021;11;30;864337;EXCLIENTE;INACTIVO;19990309;M;0;NO INFORMA;NULL;0
2021;11;30;3610811;EXCLIENTE;INACTIVO;19910330;F;0;NO INFORMA;NULL;0
2021;11;30;7366767;CLIENTE;ACTIVO;19990316;F;19601122;CASADO;AMA DE CASA;1169930
2021;11;30;3182164;EXCLIENTE;INACTIVO;19990323;F;19330111;VIUDO;PENSIONADO;332000
2021;11;30;997451;EXCLIENTE;INACTIVO;19991029;M;0;NO INFORMA;NULL;0
2021;11;30;902903;CLIENTE;ACTIVO;19991013;M;19510522;CASADO;PENSIONADO;2375125
2021;11;30;4014328;EXCLIENTE;INACTIVO;19991022;F;0;NO INFORMA;NULL;0
2021;11;30;7785567;CLIENTE;ACTIVO;20160406;M;19650324;CASADO;EMPLEADO;23900000
2021;11;30;2847236;EXCLIENTE;INACTIVO;19991221;F;19930827;NO INFORMA;NULL;0
2021;11;30;7781759;CLIENTE;ACTIVO;19990719;M;19600903;SOLTERO;EMPLEADO;1038720
2021;11;30;1444257;CLIENTE;ACTIVO;20100330;M;19700716;CASADO;EMPLEADO;2118806
2021;11;30;7462329;EXCLIENTE;INACTIVO;19990827;M;0;CASADO;NULL;0
2021;11;30;16628765;EXCLIENTE;INACTIVO;19990902;M;0;SOLTERO;NULL;0
2021;11;30;4788235;EXCLIENTE;INACTIVO;19980827;F;0;VIUDO;NULL;0
2021;11;30;9599717;EXCLIENTE;INACTIVO;19980916;M;19690319;SOLTERO;EMPLEADO;3500000
2021;11;30;2485059;CLIENTE;ACTIVO;20140327;M;19530523;NO INFORMA;PENSIONADO;2730000
2021;11;30;8281364;CLIENTE;ACTIVO;20120911;M;19710214;CASADO;EMPLEADO;1593000
2021;11;30;2080773;CLIENTE;ACTIVO;19910330;M;19750902;SOLTERO;EMPLEADO;1653853
2021;11;30;2025197;CLIENTE;ACTIVO;20201016;M;19630117;CASADO;EMPLEADO;12838140
2021;11;30;7657311;CLIENTE;ACTIVO;19970917;F;19841120;CASADO;EMPLEADO;34303500
2021;11;30;827774;CLIENTE;INACTIVO;19990128;M;19700925;SOLTERO;EMPLEADO;4421760
2021;11;30;241335;EXCLIENTE;INACTIVO;19981020;M;0;UNION LIBRE;NULL;0
2021;11;30;4310656;CLIENTE;ACTIVO;20161118;F;19720815;CASADO;AMA DE CASA;0
2021;11;30;3709910;EXCLIENTE;INACTIVO;19981103;F;0;UNION LIBRE;NULL;0
2021;11;30;5943849;EXCLIENTE;INACTIVO;19740401;F;0;NO INFORMA;NULL;0
2021;11;30;1470508;CLIENTE;ACTIVO;19111111;M;19540123;CASADO;PENSIONADO;2202000
2021;11;30;14633542;CLIENTE;INACTIVO;19971215;M;19940214;SOLTERO;ESTUDIANTE;1038000
2021;11;30;3749914;EXCLIENTE;INACTIVO;19901008;F;0;NO INFORMA;NULL;0
2021;11;30;3760122;CLIENTE;ACTIVO;19820723;F;19440611;VIUDO;PENSIONADO;15364440
2021;11;30;3166921;CLIENTE;ACTIVO;19910330;F;19340511;VIUDO;PENSIONADO;948644
2021;11;30;7617942;CLIENTE;ACTIVO;20190601;F;19710906;CASADO;AMA DE CASA;1884686
2021;11;30;2252390;EXCLIENTE;INACTIVO;19940805;M;19541123;CASADO;INDEPENDIENTE;637000
2021;11;30;4371476;EXCLIENTE;INACTIVO;19890303;F;19590326;CASADO;AMA DE CASA;0
2021;11;30;5190348;EXCLIENTE;INACTIVO;19820122;F;0;NO INFORMA;NULL;0
2021;11;30;5202649;EXCLIENTE;INACTIVO;19950726;F;0;NO INFORMA;NULL;0
2021;11;30;6106105;EXCLIENTE;INACTIVO;19970811;F;19710213;SOLTERO;EMPLEADO;4000000
2021;11;30;8696794;EXCLIENTE;INACTIVO;19960912;M;19711117;SOLTERO;ESTUDIANTE;800000
2021;11;30;2717785;CLIENTE;ACTIVO;19801014;M;19610310;SOLTERO;PENSIONADO;2517465
2021;11;30;5691431;CLIENTE;INACTIVO;20131031;F;19601230;DIVORCIADO;EMPLEADO;2613000
2021;11;30;7182;CLIENTE;INACTIVO;19920522;M;19200715;UNION LIBRE;DESEMPLEADO CON INGRESOS;2600000
2021;11;30;3278548;EXCLIENTE;INACTIVO;19961015;F;0;NO INFORMA;NULL;0
2021;11;30;8519670;CLIENTE;ACTIVO;19960318;M;19611116;CASADO;PROFESIONAL INDEPENDIENTE;1379000
2021;11;30;614376;CLIENTE;ACTIVO;20141106;M;19410924;NO INFORMA;EMPLEADO;28946160
2021;11;30;16605029;EXCLIENTE;INACTIVO;19970213;F;0;NO INFORMA;NULL;0
2021;11;30;5839975;CLIENTE;ACTIVO;20150722;F;19730117;SOLTERO;EMPLEADO;1396000
2021;11;30;5071011;CLIENTE;ACTIVO;20180416;F;19580413;CASADO;PENSIONADO;1127672
2021;11;30;8613760;EXCLIENTE;INACTIVO;19880107;M;19660711;CASADO;NULL;0
2021;11;30;16723076;EXCLIENTE;INACTIVO;19971111;M;0;SOLTERO;NULL;0
2021;11;30;61341;CLIENTE;ACTIVO;19790731;M;0;CASADO;EMPLEADO;3518728
2021;11;30;42202;CLIENTE;INACTIVO;20160224;M;19701229;UNION LIBRE;EMPLEADO;1049000
2021;11;30;32605;EXCLIENTE;INACTIVO;19761018;M;0;NO INFORMA;NULL;0
2021;11;30;287411;EXCLIENTE;INACTIVO;19111111;M;0;NO INFORMA;NULL;0
2021;11;30;2660039;EXCLIENTE;INACTIVO;19940317;M;19540125;UNION LIBRE;EMPLEADO;800000
2021;11;30;2586470;CLIENTE;INACTIVO;20110610;M;19470610;NO INFORMA;AMA DE CASA;1066000
2021;11;30;622300;EXCLIENTE;INACTIVO;20150811;M;19550410;UNION LIBRE;EMPLEADO;644350
2021;11;30;5571401;CLIENTE;ACTIVO;19850711;F;19501204;DIVORCIADO;PENSIONADO;6540050
2021;11;30;3487376;EXCLIENTE;INACTIVO;19921029;F;0;NO INFORMA;NULL;0
2021;11;30;9643205;EXCLIENTE;INACTIVO;19950313;M;0;NO INFORMA;NULL;0
2021;11;30;493588;CLIENTE;ACTIVO;19940913;M;19541217;CASADO;RENTISTA DE CAPITAL;33137100
2021;11;30;540334;EXCLIENTE;INACTIVO;19941010;M;19571119;SOLTERO;PENSIONADO;37000000
2021;11;30;273371;EXCLIENTE;INACTIVO;19911011;M;0;NO INFORMA;NULL;0
2021;11;30;633502;EXCLIENTE;INACTIVO;20131002;M;19660615;NO INFORMA;EMPLEADO;900000
2021;11;30;1248725;CLIENTE;ACTIVO;20120517;M;19631003;NO INFORMA;EMPLEADO;1056000
2021;11;30;2390703;EXCLIENTE;INACTIVO;19901218;M;19420101;CASADO;NULL;0
2021;11;30;872501;EXCLIENTE;INACTIVO;19910613;M;0;NO INFORMA;NULL;0
2021;11;30;1614314;EXCLIENTE;INACTIVO;19791129;M;0;NO INFORMA;NULL;0
2021;11;30;1620783;CLIENTE;ACTIVO;20080304;M;19470508;CASADO;PENSIONADO;2832000
2021;11;30;3299933;EXCLIENTE;INACTIVO;19940422;F;0;CASADO;SOCIO O EMPLEADO - SOCIO;0
2021;11;30;388847;EXCLIENTE;INACTIVO;19960424;M;0;CASADO;NULL;0
2021;11;30;380900;CLIENTE;ACTIVO;20130917;M;19621214;SOLTERO;EMPLEADO;1106000
2021;11;30;6525872;EXCLIENTE;INACTIVO;19980406;F;0;UNION LIBRE;NULL;0
2021;11;30;9950342;CLIENTE;INACTIVO;19980611;M;0;CASADO;EMPLEADO;2270039
2021;11;30;16626424;EXCLIENTE;INACTIVO;19901127;F;0;NO INFORMA;NULL;0
2021;11;30;1160800;EXCLIENTE;INACTIVO;19960507;M;19501229;SOLTERO;EMPLEADO;0
2021;11;30;4548877;EXCLIENTE;INACTIVO;19860509;F;19440622;SOLTERO;NULL;0
2021;11;30;9116656;CLIENTE;ACTIVO;20201215;M;19770306;CASADO;EMPLEADO;8255830
2021;11;30;9087906;EXCLIENTE;INACTIVO;19890619;M;19700729;UNION LIBRE;EMPLEADO;1785000
2021;11;30;906428;CLIENTE;ACTIVO;19910606;M;19611209;CASADO;EMPLEADO;2651131
2021;11;30;6737744;CLIENTE;ACTIVO;20210730;F;19711204;NULL;EMPLEADO;2200000
2021;11;30;14426667;CLIENTE;ACTIVO;20201214;M;19921022;NULL;EMPLEADO;1100000
2021;11;30;13392295;CLIENTE;ACTIVO;20210830;F;19940515;CASADO;EMPLEADO;1000000
2021;11;30;13549289;CLIENTE;ACTIVO;20210811;M;19950709;NULL;EMPLEADO;908400
2021;11;30;11389951;CLIENTE;ACTIVO;20201029;F;20020806;DIVORCIADO;ESTUDIANTE;1100000
2021;11;30;10409241;CLIENTE;INACTIVO;20201112;F;20010326;NULL;ESTUDIANTE;681750
2021;11;30;12684419;CLIENTE;ACTIVO;20210123;M;20151017;SOLTERO;ESTUDIANTE;1312000
2021;11;30;15772672;CLIENTE;ACTIVO;20210306;F;19980213;NULL;EMPLEADO;1
2021;11;30;14043607;CLIENTE;ACTIVO;20210428;F;19990401;SOLTERO;EMPLEADO;1519000
2021;11;30;10401870;CLIENTE;INACTIVO;20210204;F;20021023;NULL;OTRO;666750
2021;11;30;10638750;CLIENTE;ACTIVO;20201228;F;20020605;NULL;NULL;0
2021;11;30;12726035;CLIENTE;ACTIVO;20201231;F;19840404;NULL;NULL;864190
